688357687_688358799_1771000800	dev
730277879_82603893X_1795000200	train
852691769_852712081_1761000200	train
AmmoLIBR_895882426	train
AphoqvSuS_88125679X	dev
AusdeErb_1004849222	train
AyrmThes_877641137	train
BiedBern_873039610	train
BrenBreu_879249315	dev
CesiLAn_893988510	train
DasWeL_875683061	dev
abdipre_774039221	dev
actevedef_718448162	train
aepidisp_65691484X	train
albedm_837425875	test
angezelug_729714144	train
backhart_768169569_0001	train
baltdiss_77478492X	test
bankgraf_665514506	test
baroegvi_833603019	train
baurodwe_665546211	train
berirev_867083778	train
betrdrzwt_648826694	train
borrdisc_689809840	dev
branchri_782940536	train
briedefra_788606417	dev
brieetli_73862926X	train
brochrnx_73075507X	test
buchdas_799145335	train
buchdiss_644501537	train
busmexpo_742567524	train
caladr_68232602X	train
canitrac_789765837	test
catapabin_657601357	train
chiamerk_766680207	train
chridiss_672987120	dev
cingdei_835086410	train
colechri_833990977	train
culmsent_799370460	test
curineux_853804893	test
dalarie_722029500	train
drabnota_771639139	train
dubivehie_775844071_0002	test
durrgeda_735780412	train
eberbrev_770830013	train
ejngerez_821874276	dev
emmeprac_85859577X	dev
erasexom_816221448	train
erobdefoa_66333134X	train
euanaua_842599541	train
extraudeu_630991022	train
ferrepit_667769218	train
fiscfrie_742472647	test
geomeikud_82562360X	dev
glauanno_66072944X_Erster_Teil_I	train
goclprop_699887615	train
goskeinf_781556694	train
hackherz_664669336	train
helfkurt_829371303	train
heptaldai_828690723	train
herbdulc_715370375	train
hermhyst_816125724	train
herrkurt_737984279	train
herrleyc_749899069	dev
herrtreiw_84633089X	train
heshwarh_74728217X	train
